date,ticker,news_count,avg_sentiment,min_sentiment,max_sentiment,positive_count,negative_count,neutral_count,has_high_impact_news
2025-12-15,FER,5,0.08,0,0.2,2,0,3,0
2025-12-17,FER,1,0,0,0,0,0,1,0
2025-12-20,FER,1,0,0,0,0,0,1,0
2026-01-10,CCEP,1,0,0,0,0,0,1,0
2026-01-14,CCEP,2,-0.2,-0.2,-0.2,0,2,0,1
2026-01-22,FER,2,0,0,0,0,0,2,0
2026-01-26,CCEP,1,0,0,0,0,0,1,0
2026-02-04,CTAS,1,0,0,0,0,0,1,0
2026-02-04,NXPI,2,0,0,0,0,0,2,0
2026-02-04,PAYX,2,0,0,0,0,0,2,1
2026-02-04,PCAR,2,0,0,0,0,0,2,0
2026-02-05,NXPI,1,0.2,0.2,0.2,1,0,0,0
2026-02-05,ROP,1,0,0,0,0,0,1,0
2026-02-06,CTAS,2,0,0,0,0,0,2,0
2026-02-06,LIN,1,0,0,0,0,0,1,1
2026-02-06,NXPI,1,0,0,0,0,0,1,0
2026-02-06,PCAR,1,0,0,0,0,0,1,1
2026-02-06,ROP,1,0,0,0,0,0,1,0
2026-02-07,LIN,1,0,0,0,0,0,1,0
2026-02-07,ORLY,1,0,0,0,0,0,1,0
2026-02-08,CTAS,1,0,0,0,0,0,1,0
2026-02-08,LIN,1,0,0,0,0,0,1,0
2026-02-08,ROP,1,-0.2,-0.2,-0.2,0,1,0,0
2026-02-09,EA,1,0,0,0,0,0,1,0
2026-02-09,FAST,2,0.1,0,0.2,1,0,1,0
2026-02-09,NXPI,3,0,0,0,0,0,3,1
2026-02-09,ROP,1,0,0,0,0,0,1,0
2026-02-09,TRI,1,0.2,0.2,0.2,1,0,0,0
2026-02-10,EA,1,0,0,0,0,0,1,0
2026-02-10,FAST,1,0,0,0,0,0,1,0
2026-02-10,IDXX,1,0.4,0.4,0.4,1,0,0,0
2026-02-10,NXPI,1,0,0,0,0,0,1,0
2026-02-10,PAYX,1,0,0,0,0,0,1,0
2026-02-10,PDD,1,0,0,0,0,0,1,0
2026-02-10,ROP,1,0,0,0,0,0,1,0
2026-02-10,TRI,2,0.1,0,0.2,1,0,1,1
2026-02-11,EA,1,0,0,0,0,0,1,0
2026-02-11,IDXX,1,0.2,0.2,0.2,1,0,0,0
2026-02-11,ORLY,2,0.1,0,0.2,1,0,1,1
2026-02-11,PAYX,1,0,0,0,0,0,1,0
2026-02-11,PCAR,1,0.2,0.2,0.2,1,0,0,0
2026-02-11,TRI,1,0,0,0,0,0,1,0
2026-02-11,XEL,1,0,0,0,0,0,1,0
2026-02-12,CHTR,2,0,0,0,0,0,2,0
2026-02-12,CSX,3,0.0667,-0.2,0.2,2,1,0,0
2026-02-12,CTAS,1,0,0,0,0,0,1,0
2026-02-12,EA,2,0,0,0,0,0,2,0
2026-02-12,IDXX,1,0,0,0,0,0,1,0
2026-02-12,MCHP,1,0,0,0,0,0,1,0
2026-02-12,MDLZ,2,0,0,0,0,0,2,0
2026-02-12,ORLY,1,0,0,0,0,0,1,0
2026-02-12,PCAR,1,0,0,0,0,0,1,0
2026-02-12,PDD,1,0,0,0,0,0,1,0
2026-02-12,ROST,1,0,0,0,0,0,1,0
2026-02-12,TRI,1,0,0,0,0,0,1,0
2026-02-12,XEL,1,0,0,0,0,0,1,0
2026-02-13,AEP,2,0,0,0,0,0,2,0
2026-02-13,DXCM,5,0.04,0,0.2,1,0,4,1
2026-02-13,EXC,1,-0.2,-0.2,-0.2,0,1,0,0
2026-02-13,MCHP,1,0,0,0,0,0,1,0
2026-02-13,MDLZ,1,0,0,0,0,0,1,0
2026-02-13,NXPI,1,0.2,0.2,0.2,1,0,0,1
2026-02-13,PAYX,1,0,0,0,0,0,1,0
2026-02-13,PCAR,3,0,0,0,0,0,3,0
2026-02-13,PDD,2,0,0,0,0,0,2,0
2026-02-13,REGN,2,0.1,0,0.2,1,0,1,0
2026-02-13,ROP,1,-0.2,-0.2,-0.2,0,1,0,1
2026-02-13,ROST,2,0,0,0,0,0,2,0
2026-02-13,TRI,1,0,0,0,0,0,1,0
2026-02-13,TXN,1,0,0,0,0,0,1,0
2026-02-13,XEL,4,0.1,0,0.2,2,0,2,1
2026-02-14,AEP,1,0.2,0.2,0.2,1,0,0,0
2026-02-14,ALNY,1,0,0,0,0,0,1,0
2026-02-14,AXON,1,0,0,0,0,0,1,0
2026-02-14,BKR,1,0,0,0,0,0,1,0
2026-02-14,CHTR,1,0,0,0,0,0,1,0
2026-02-14,CSX,1,0,0,0,0,0,1,0
2026-02-14,FAST,1,0,0,0,0,0,1,0
2026-02-14,FTNT,1,0,0,0,0,0,1,1
2026-02-14,LIN,1,0,0,0,0,0,1,0
2026-02-14,MCHP,2,0.1,0,0.2,1,0,1,0
2026-02-14,MDLZ,1,0.2,0.2,0.2,1,0,0,0
2026-02-14,ORLY,1,0,0,0,0,0,1,0
2026-02-14,PCAR,1,0,0,0,0,0,1,0
2026-02-14,ROST,1,0.2,0.2,0.2,1,0,0,0
2026-02-14,TRI,2,0.2,0,0.4,1,0,1,1
2026-02-14,TTWO,2,0,0,0,0,0,2,0
2026-02-15,ADP,1,0,0,0,0,0,1,1
2026-02-15,AEP,1,0.2,0.2,0.2,1,0,0,1
2026-02-15,BKR,2,0,0,0,0,0,2,0
2026-02-15,CSX,1,0,0,0,0,0,1,0
2026-02-15,DXCM,1,0.2,0.2,0.2,1,0,0,0
2026-02-15,EXC,1,0,0,0,0,0,1,0
2026-02-15,IDXX,2,0,0,0,0,0,2,0
2026-02-15,LIN,1,0.2,0.2,0.2,1,0,0,1
2026-02-15,PDD,1,0,0,0,0,0,1,0
2026-02-16,ABNB,1,0,0,0,0,0,1,0
2026-02-16,ADP,1,0,0,0,0,0,1,0
2026-02-16,AEP,2,-0.2,-0.2,-0.2,0,2,0,0
2026-02-16,BKR,1,0,0,0,0,0,1,1
2026-02-16,CHTR,2,0,0,0,0,0,2,0
2026-02-16,CSX,1,0,0,0,0,0,1,0
2026-02-16,CTAS,2,0.1,0,0.2,1,0,1,0
2026-02-16,CTSH,2,0,0,0,0,0,2,0
2026-02-16,EA,1,0.4,0.4,0.4,1,0,0,0
2026-02-16,EXC,1,0,0,0,0,0,1,1
2026-02-16,FANG,2,-0.1,-0.2,0,0,1,1,1
2026-02-16,FAST,1,0,0,0,0,0,1,0
2026-02-16,KLAC,2,0.1,0,0.2,1,0,1,0
2026-02-16,MCHP,1,0,0,0,0,0,1,0
2026-02-16,MPWR,2,0,0,0,0,0,2,0
2026-02-16,MRVL,1,0,0,0,0,0,1,0
2026-02-16,ORLY,2,0.1,0,0.2,1,0,1,1
2026-02-16,PAYX,1,0,0,0,0,0,1,0
2026-02-16,PDD,1,0,0,0,0,0,1,0
2026-02-16,TTWO,1,0,0,0,0,0,1,0
2026-02-16,TXN,2,-0.1,-0.2,0,0,1,1,0
2026-02-17,ABNB,3,0,0,0,0,0,3,0
2026-02-17,ADP,5,-0.04,-0.2,0,0,1,4,0
2026-02-17,AEP,2,-0.1,-0.2,0,0,1,1,0
2026-02-17,ALNY,2,0,0,0,0,0,2,0
2026-02-17,ASML,1,0,0,0,0,0,1,0
2026-02-17,AXON,3,0,0,0,0,0,3,1
2026-02-17,BKR,3,0,0,0,0,0,3,0
2026-02-17,CCEP,5,0.08,0,0.2,2,0,3,1
2026-02-17,CEG,2,0.1,0,0.2,1,0,1,1
2026-02-17,CHTR,1,0,0,0,0,0,1,0
2026-02-17,CMCSA,1,0,0,0,0,0,1,0
2026-02-17,CSX,1,0.2,0.2,0.2,1,0,0,0
2026-02-17,CTAS,1,0,0,0,0,0,1,0
2026-02-17,CTSH,6,-0.0667,-0.2,0,0,2,4,1
2026-02-17,DDOG,2,0,0,0,0,0,2,0
2026-02-17,DXCM,1,-0.2,-0.2,-0.2,0,1,0,1
2026-02-17,EA,2,0,0,0,0,0,2,1
2026-02-17,EXC,2,0,0,0,0,0,2,0
2026-02-17,FANG,1,0.4,0.4,0.4,1,0,0,1
2026-02-17,FAST,1,0,0,0,0,0,1,0
2026-02-17,FTNT,2,0.1,0,0.2,1,0,1,0
2026-02-17,GEHC,1,0,0,0,0,0,1,0
2026-02-17,GILD,2,0,0,0,0,0,2,0
2026-02-17,HON,2,0.1,0,0.2,1,0,1,0
2026-02-17,KLAC,5,0.08,0,0.2,2,0,3,0
2026-02-17,MCHP,3,0,0,0,0,0,3,0
2026-02-17,MDLZ,2,0.2,0,0.4,1,0,1,0
2026-02-17,MPWR,3,0.0667,0,0.2,1,0,2,0
2026-02-17,NXPI,1,0,0,0,0,0,1,0
2026-02-17,PAYX,1,0,0,0,0,0,1,0
2026-02-17,PCAR,1,0,0,0,0,0,1,0
2026-02-17,REGN,1,0,0,0,0,0,1,0
2026-02-17,ROP,1,0,0,0,0,0,1,0
2026-02-17,ROST,2,0,0,0,0,0,2,1
2026-02-17,TTWO,2,0,0,0,0,0,2,0
2026-02-17,TXN,1,0,0,0,0,0,1,0
2026-02-17,XEL,1,0,0,0,0,0,1,0
2026-02-18,ABNB,3,0.0667,0,0.2,1,0,2,0
2026-02-18,ADP,2,0,0,0,0,0,2,0
2026-02-18,ADSK,4,0,0,0,0,0,4,0
2026-02-18,ALNY,5,0,0,0,0,0,5,0
2026-02-18,AMAT,2,0.1,0,0.2,1,0,1,0
2026-02-18,AMGN,3,0,0,0,0,0,3,0
2026-02-18,ARM,1,0,0,0,0,0,1,0
2026-02-18,ASML,4,0,0,0,0,0,4,0
2026-02-18,BKR,1,0,0,0,0,0,1,0
2026-02-18,CCEP,1,0,0,0,0,0,1,0
2026-02-18,CDNS,2,0,0,0,0,0,2,0
2026-02-18,CEG,2,0.1,0,0.2,1,0,1,0
2026-02-18,CMCSA,3,0,0,0,0,0,3,0
2026-02-18,CSCO,1,0,0,0,0,0,1,0
2026-02-18,CTSH,2,0.1,0,0.2,1,0,1,0
2026-02-18,DDOG,3,0,0,0,0,0,3,0
2026-02-18,EXC,1,0,0,0,0,0,1,0
2026-02-18,FANG,3,0.1333,0,0.2,2,0,1,1
2026-02-18,FTNT,1,0,0,0,0,0,1,0
2026-02-18,GEHC,3,-0.0667,-0.2,0,0,1,2,0
2026-02-18,GILD,3,0,0,0,0,0,3,0
2026-02-18,HON,2,0,0,0,0,0,2,0
2026-02-18,ISRG,4,0.05,-0.2,0.4,1,1,2,1
2026-02-18,KDP,1,0,0,0,0,0,1,0
2026-02-18,KLAC,2,0,0,0,0,0,2,0
2026-02-18,LIN,4,0,0,0,0,0,4,0
2026-02-18,LRCX,3,0,0,0,0,0,3,0
2026-02-18,MAR,1,0,0,0,0,0,1,0
2026-02-18,MCHP,1,0,0,0,0,0,1,1
2026-02-18,MELI,1,0.2,0.2,0.2,1,0,0,0
2026-02-18,MNST,2,-0.1,-0.2,0,0,1,1,1
2026-02-18,MPWR,2,0.3,0.2,0.4,2,0,0,1
2026-02-18,MRVL,5,0.04,0,0.2,1,0,4,0
2026-02-18,ORLY,1,0,0,0,0,0,1,0
2026-02-18,PAYX,1,0,0,0,0,0,1,0
2026-02-18,PDD,2,0,0,0,0,0,2,0
2026-02-18,QCOM,4,0,0,0,0,0,4,0
2026-02-18,ROST,1,0,0,0,0,0,1,0
2026-02-18,SNPS,2,0,0,0,0,0,2,0
2026-02-18,STX,2,0,0,0,0,0,2,0
2026-02-18,TEAM,4,0,0,0,0,0,4,0
2026-02-18,TMUS,2,0,0,0,0,0,2,0
2026-02-18,TRI,1,0,0,0,0,0,1,0
2026-02-18,TTWO,1,0,0,0,0,0,1,0
2026-02-18,TXN,3,0,0,0,0,0,3,1
2026-02-18,VRTX,1,0,0,0,0,0,1,0
2026-02-18,WDC,2,0,0,0,0,0,2,0
2026-02-18,XEL,1,0,0,0,0,0,1,0
2026-02-19,ABNB,1,0,0,0,0,0,1,1
2026-02-19,ADBE,5,0,0,0,0,0,5,0
2026-02-19,ADI,4,0.05,0,0.2,1,0,3,1
2026-02-19,ADP,1,0,0,0,0,0,1,0
2026-02-19,ADSK,3,-0.0667,-0.2,0.2,1,2,0,0
2026-02-19,ALNY,1,0.2,0.2,0.2,1,0,0,0
2026-02-19,AMAT,4,0.05,0,0.2,1,0,3,1
2026-02-19,AMGN,5,0,0,0,0,0,5,0
2026-02-19,ARM,5,0.04,0,0.2,1,0,4,0
2026-02-19,ASML,2,-0.1,-0.2,0,0,1,1,0
2026-02-19,AXON,4,0.05,0,0.2,1,0,3,0
2026-02-19,BKR,1,0,0,0,0,0,1,0
2026-02-19,CDNS,4,-0.05,-0.2,0,0,1,3,0
2026-02-19,CEG,1,0,0,0,0,0,1,0
2026-02-19,CHTR,2,0,0,0,0,0,2,0
2026-02-19,CMCSA,1,0,0,0,0,0,1,0
2026-02-19,CRWD,1,0,0,0,0,0,1,0
2026-02-19,CSCO,6,0.0333,0,0.2,1,0,5,0
2026-02-19,CSGP,3,0,0,0,0,0,3,0
2026-02-19,CSX,1,0,0,0,0,0,1,0
2026-02-19,DASH,3,-0.0667,-0.2,0,0,1,2,1
2026-02-19,DDOG,3,0.0667,0,0.2,1,0,2,0
2026-02-19,DXCM,1,0,0,0,0,0,1,1
2026-02-19,EA,1,0,0,0,0,0,1,0
2026-02-19,EXC,3,0,0,0,0,0,3,0
2026-02-19,FANG,1,0,0,0,0,0,1,0
2026-02-19,FAST,3,0,0,0,0,0,3,1
2026-02-19,FER,1,0,0,0,0,0,1,0
2026-02-19,FTNT,2,-0.1,-0.2,0,0,1,1,1
2026-02-19,GEHC,3,0,0,0,0,0,3,0
2026-02-19,GILD,3,0,0,0,0,0,3,1
2026-02-19,HON,4,0.05,0,0.2,1,0,3,1
2026-02-19,INSM,4,0,-0.2,0.2,1,1,2,1
2026-02-19,INTU,4,0.05,0,0.2,1,0,3,1
2026-02-19,ISRG,4,0.05,0,0.2,1,0,3,0
2026-02-19,KDP,2,0,0,0,0,0,2,0
2026-02-19,KHC,6,-0.0667,-0.2,0,0,2,4,0
2026-02-19,LRCX,3,0.0667,0,0.2,1,0,2,1
2026-02-19,MAR,2,0,0,0,0,0,2,0
2026-02-19,MDLZ,2,0,0,0,0,0,2,0
2026-02-19,MELI,3,0,0,0,0,0,3,0
2026-02-19,MNST,3,0,0,0,0,0,3,1
2026-02-19,MPWR,3,0,0,0,0,0,3,0
2026-02-19,MRVL,3,0,-0.2,0.2,1,1,1,0
2026-02-19,MSTR,3,-0.0667,-0.2,0,0,1,2,1
2026-02-19,ORLY,1,0,0,0,0,0,1,0
2026-02-19,PAYX,2,0.1,0,0.2,1,0,1,1
2026-02-19,PEP,3,0,0,0,0,0,3,0
2026-02-19,PYPL,5,0,0,0,0,0,5,0
2026-02-19,QCOM,1,0,0,0,0,0,1,0
2026-02-19,REGN,5,-0.04,-0.2,0,0,1,4,0
2026-02-19,ROP,1,0,0,0,0,0,1,0
2026-02-19,SBUX,3,0,0,0,0,0,3,0
2026-02-19,SHOP,3,0.0667,0,0.2,1,0,2,1
2026-02-19,SNPS,4,-0.05,-0.2,0,0,1,3,0
2026-02-19,STX,3,0,0,0,0,0,3,0
2026-02-19,TEAM,1,0,0,0,0,0,1,0
2026-02-19,TMUS,5,0.08,0,0.2,2,0,3,1
2026-02-19,TTWO,1,0,0,0,0,0,1,0
2026-02-19,TXN,2,-0.1,-0.2,0,0,1,1,0
2026-02-19,VRSK,7,0,0,0,0,0,7,0
2026-02-19,VRTX,8,0.025,0,0.2,1,0,7,1
2026-02-19,WDAY,3,0,0,0,0,0,3,1
2026-02-19,WDC,5,0,0,0,0,0,5,0
2026-02-19,XEL,2,0,0,0,0,0,2,0
2026-02-19,ZS,3,0.0667,0,0.2,1,0,2,0
2026-02-20,AAPL,1,0,0,0,0,0,1,0
2026-02-20,ABNB,2,0,0,0,0,0,2,0
2026-02-20,ADBE,2,0,0,0,0,0,2,0
2026-02-20,ADI,6,0,0,0,0,0,6,0
2026-02-20,ADSK,1,0,0,0,0,0,1,0
2026-02-20,AEP,2,0.1,0,0.2,1,0,1,1
2026-02-20,ALNY,1,0.2,0.2,0.2,1,0,0,0
2026-02-20,AMAT,3,0,0,0,0,0,3,0
2026-02-20,AMD,7,0,0,0,0,0,7,1
2026-02-20,AMGN,2,0,0,0,0,0,2,0
2026-02-20,APP,8,0.025,0,0.2,1,0,7,0
2026-02-20,ARM,3,0,0,0,0,0,3,0
2026-02-20,ASML,3,0,0,0,0,0,3,0
2026-02-20,AVGO,6,0,0,0,0,0,6,1
2026-02-20,AXON,1,0,0,0,0,0,1,0
2026-02-20,BKNG,8,0,0,0,0,0,8,1
2026-02-20,CDNS,4,0.15,0,0.2,3,0,1,1
2026-02-20,CEG,3,0,0,0,0,0,3,1
2026-02-20,CHTR,2,-0.1,-0.2,0,0,1,1,0
2026-02-20,CMCSA,4,0,0,0,0,0,4,0
2026-02-20,COST,2,0.1,0,0.2,1,0,1,0
2026-02-20,CPRT,10,-0.02,-0.2,0,0,1,9,1
2026-02-20,CRWD,6,0.0667,-0.2,0.4,2,1,3,0
2026-02-20,CSCO,3,0.1333,0,0.2,2,0,1,0
2026-02-20,CSGP,4,0.05,0,0.2,1,0,3,1
2026-02-20,CSX,2,0.2,0,0.4,1,0,1,0
2026-02-20,CTAS,2,0.1,0,0.2,1,0,1,0
2026-02-20,DASH,4,0,0,0,0,0,4,0
2026-02-20,DXCM,2,0.1,0,0.2,1,0,1,0
2026-02-20,EA,1,0,0,0,0,0,1,0
2026-02-20,EXC,1,0,0,0,0,0,1,0
2026-02-20,FANG,2,0,0,0,0,0,2,1
2026-02-20,FAST,1,0,0,0,0,0,1,0
2026-02-20,FTNT,3,0,0,0,0,0,3,1
2026-02-20,GEHC,3,0.0667,0,0.2,1,0,2,0
2026-02-20,GILD,2,0,0,0,0,0,2,0
2026-02-20,HON,1,0,0,0,0,0,1,0
2026-02-20,IDXX,5,0,0,0,0,0,5,0
2026-02-20,INSM,6,0.1,0,0.2,3,0,3,1
2026-02-20,INTU,3,0.0667,0,0.2,1,0,2,0
2026-02-20,ISRG,1,0,0,0,0,0,1,0
2026-02-20,KDP,5,0.04,0,0.2,1,0,4,1
2026-02-20,KHC,3,0,0,0,0,0,3,1
2026-02-20,KLAC,1,0.2,0.2,0.2,1,0,0,0
2026-02-20,LIN,1,0,0,0,0,0,1,0
2026-02-20,LRCX,4,0.15,0,0.2,3,0,1,0
2026-02-20,MAR,7,0.0286,0,0.2,1,0,6,0
2026-02-20,MCHP,1,0,0,0,0,0,1,0
2026-02-20,MDLZ,1,0,0,0,0,0,1,0
2026-02-20,MELI,4,0.2,0,0.6,2,0,2,1
2026-02-20,MNST,4,0,0,0,0,0,4,1
2026-02-20,MSTR,5,0.04,0,0.2,1,0,4,0
2026-02-20,MU,3,0.0667,0,0.2,1,0,2,0
2026-02-20,ORLY,1,0,0,0,0,0,1,0
2026-02-20,PANW,7,0.0857,0,0.4,2,0,5,1
2026-02-20,PDD,2,0,0,0,0,0,2,0
2026-02-20,PEP,5,0.04,0,0.2,1,0,4,0
2026-02-20,PYPL,4,0,0,0,0,0,4,0
2026-02-20,QCOM,4,0,0,0,0,0,4,0
2026-02-20,REGN,2,0,0,0,0,0,2,0
2026-02-20,ROST,2,0,0,0,0,0,2,0
2026-02-20,SBUX,6,0,0,0,0,0,6,0
2026-02-20,SHOP,5,0.16,0,0.2,4,0,1,1
2026-02-20,SNPS,4,0,-0.2,0.2,1,1,2,1
2026-02-20,STX,3,0,0,0,0,0,3,0
2026-02-20,TEAM,4,0,0,0,0,0,4,0
2026-02-20,TMUS,3,0,0,0,0,0,3,1
2026-02-20,TRI,1,0.2,0.2,0.2,1,0,0,0
2026-02-20,TTWO,3,0,0,0,0,0,3,0
2026-02-20,TXN,1,0,0,0,0,0,1,0
2026-02-20,VRSK,2,0,0,0,0,0,2,0
2026-02-20,VRTX,1,0,0,0,0,0,1,0
2026-02-20,WBD,1,0,0,0,0,0,1,0
2026-02-20,WDAY,5,0.04,0,0.2,1,0,4,1
2026-02-20,WDC,1,0,0,0,0,0,1,0
2026-02-20,ZS,3,0.1333,0,0.4,1,0,2,0
2026-02-21,AAPL,5,0.04,0,0.2,1,0,4,1
2026-02-21,ADBE,2,0,0,0,0,0,2,0
2026-02-21,ADSK,1,0,0,0,0,0,1,0
2026-02-21,AMAT,1,0,0,0,0,0,1,0
2026-02-21,AMD,1,0,0,0,0,0,1,0
2026-02-21,APP,1,0,0,0,0,0,1,0
2026-02-21,ARM,1,0,0,0,0,0,1,0
2026-02-21,AVGO,2,0,0,0,0,0,2,0
2026-02-21,BKNG,1,0.2,0.2,0.2,1,0,0,0
2026-02-21,BKR,1,0,0,0,0,0,1,0
2026-02-21,CEG,1,0.2,0.2,0.2,1,0,0,0
2026-02-21,CMCSA,1,0,0,0,0,0,1,0
2026-02-21,COST,4,0,0,0,0,0,4,0
2026-02-21,CSGP,1,0.4,0.4,0.4,1,0,0,0
2026-02-21,DASH,1,0,0,0,0,0,1,0
2026-02-21,DDOG,1,0,0,0,0,0,1,0
2026-02-21,HON,1,0,0,0,0,0,1,0
2026-02-21,INTU,2,0,0,0,0,0,2,0
2026-02-21,KHC,1,-0.2,-0.2,-0.2,0,1,0,0
2026-02-21,MELI,1,0,0,0,0,0,1,0
2026-02-21,MSTR,1,0,0,0,0,0,1,1
2026-02-21,MU,3,0.0667,0,0.2,1,0,2,0
2026-02-21,NFLX,6,0.0333,0,0.2,1,0,5,0
2026-02-21,PANW,1,0,0,0,0,0,1,0
2026-02-21,PEP,1,-0.2,-0.2,-0.2,0,1,0,0
2026-02-21,PLTR,2,0,0,0,0,0,2,0
2026-02-21,QCOM,1,0.2,0.2,0.2,1,0,0,0
2026-02-21,ROP,1,0,0,0,0,0,1,0
2026-02-21,ROST,1,0,0,0,0,0,1,0
2026-02-21,SBUX,1,0,0,0,0,0,1,0
2026-02-21,SHOP,2,0.1,0,0.2,1,0,1,1
2026-02-21,STX,1,0,0,0,0,0,1,0
2026-02-21,VRSK,1,0.2,0.2,0.2,1,0,0,0
2026-02-21,WBD,7,0.0286,0,0.2,1,0,6,0
2026-02-21,WDAY,1,0,0,0,0,0,1,0
2026-02-21,WMT,4,0.05,0,0.2,1,0,3,0
2026-02-21,ZS,1,0.2,0.2,0.2,1,0,0,1
2026-02-22,AAPL,4,0.05,0,0.2,1,0,3,0
2026-02-22,ADBE,1,0.2,0.2,0.2,1,0,0,0
2026-02-22,ADSK,1,0,0,0,0,0,1,0
2026-02-22,AMD,2,0,0,0,0,0,2,0
2026-02-22,AMZN,10,0.02,0,0.2,1,0,9,0
2026-02-22,APP,1,0,0,0,0,0,1,0
2026-02-22,AVGO,2,0,0,0,0,0,2,0
2026-02-22,AXON,1,-0.2,-0.2,-0.2,0,1,0,1
2026-02-22,BKNG,1,0,0,0,0,0,1,0
2026-02-22,CEG,1,-0.2,-0.2,-0.2,0,1,0,1
2026-02-22,COST,4,0,0,0,0,0,4,0
2026-02-22,CRWD,3,0,0,0,0,0,3,0
2026-02-22,CSGP,2,-0.1,-0.2,0,0,1,1,1
2026-02-22,DASH,2,0,0,0,0,0,2,1
2026-02-22,DDOG,1,0,0,0,0,0,1,0
2026-02-22,FANG,1,-0.2,-0.2,-0.2,0,1,0,1
2026-02-22,FTNT,1,0,0,0,0,0,1,1
2026-02-22,GOOG,10,0,0,0,0,0,10,0
2026-02-22,GOOGL,10,0,0,0,0,0,10,0
2026-02-22,INTC,10,0.04,0,0.2,2,0,8,0
2026-02-22,INTU,1,0,0,0,0,0,1,0
2026-02-22,ISRG,1,0.2,0.2,0.2,1,0,0,0
2026-02-22,KDP,2,-0.1,-0.2,0,0,1,1,1
2026-02-22,MDLZ,1,0,0,0,0,0,1,0
2026-02-22,MELI,1,-0.2,-0.2,-0.2,0,1,0,1
2026-02-22,META,10,0.02,0,0.2,1,0,9,0
2026-02-22,MNST,1,0,0,0,0,0,1,0
2026-02-22,MRVL,1,0.2,0.2,0.2,1,0,0,1
2026-02-22,MSFT,10,0,-0.2,0.2,1,1,8,0
2026-02-22,MSTR,1,0,0,0,0,0,1,0
2026-02-22,MU,4,0,0,0,0,0,4,0
2026-02-22,NFLX,4,0,0,0,0,0,4,1
2026-02-22,NVDA,10,0.04,0,0.2,2,0,8,0
2026-02-22,ODFL,10,0.02,0,0.2,1,0,9,0
2026-02-22,PANW,2,0,0,0,0,0,2,0
2026-02-22,PEP,1,0,0,0,0,0,1,0
2026-02-22,PLTR,8,0.025,0,0.2,1,0,7,1
2026-02-22,PYPL,1,0,0,0,0,0,1,0
2026-02-22,ROP,1,0,0,0,0,0,1,0
2026-02-22,STX,1,0,0,0,0,0,1,0
2026-02-22,TEAM,1,0,0,0,0,0,1,0
2026-02-22,TSLA,10,0.02,0,0.2,1,0,9,0
2026-02-22,WBD,2,0,0,0,0,0,2,0
2026-02-22,WDAY,1,-0.2,-0.2,-0.2,0,1,0,1
2026-02-22,WDC,2,0,0,0,0,0,2,0
2026-02-22,WMT,6,0,0,0,0,0,6,0
2026-02-22,ZS,3,0.0667,0,0.2,1,0,2,0